{"parsing": 1.9789258300002075, "frontend": 0.27395508199999996, "backend": 0.237962787, "simcode": 0.032884675, "templates": 0.072442698, "build": 1.722256464000111, "sim": 0.057127525999931095, "diff": {"time": 0.014152236999962042, "vars": [], "numCompared": 3}, "phase": 7, "exectime": 4.824602126000173}