{"parsing": 1.8593739229999926, "frontend": 0.23167065300000006, "backend": 0.031690678000000035, "simcode": 0.009508418000000008, "templates": 0.02832405099999991, "build": 2.157034100999965, "sim": 0.028613656999993964, "diff": {"time": 0.06165320799999563, "vars": ["spring.w_rel", "spring.phi_rel", "inertia1.w", "inertia1.phi"], "numCompared": 7}, "phase": 6, "exectime": 5.093701276000019}