{"parsing": 1.8618654629999867, "frontend": 0.25063462100000017, "backend": 0.3727625389999999, "simcode": 0.021518590999999997, "templates": 0.053717748, "build": 2.6747101839999914, "sim": 0.25967750099999876, "diff": {"time": 0.010540332000005037, "vars": [], "numCompared": 3}, "phase": 7, "exectime": 6.166434003999996}